category,concept
Basistheorien,Andere Theorie-Traditionen
Basistheorien,Konstruktivistische Theorien
Basistheorien,Postmoderne Theorien
Ressource,Audio Ressource
Ressource,Studienbrief Ressource
Ressource,Texte Ressource
Ressource,Video Ressource
Informationstechnische Grundbildung,Aufgaben Informationstechnische Grundbildung
Medienpädagogische Teildisziplin,Aufgaben Medienpädagogische Teildisziplin
Medienpädagogische Teildisziplin,Bezugsrahmen
Medienpädagogische Teildisziplin,Historische Entwicklung
Mediendidaktik als medienpädagogische Teildisziplin,Autor
Mediendidaktik als medienpädagogische Teildisziplin,Didaktische und pädagogische Herausforderungen
Mediendidaktik als medienpädagogische Teildisziplin,Grundlegungen
Mediendidaktik als medienpädagogische Teildisziplin,Lehren und Lernen im Digitalen
Mediendidaktik als medienpädagogische Teildisziplin,Varianten mediengestützten Lernens
Mediendidaktik als medienpädagogische Teildisziplin,Zentrale Begriffe
Medienpädagogik,Autor
Medienpädagogik,Erweiterte Gegenstandsbereiche
Medienpädagogik,Gegenstandsbereiche
Medienpädagogik,Medienerziehung
Medienpädagogik,Mediennutzung-Bedürfnis
Medienpädagogik,Teilgebiete der Medienpädagogik
Medienpädagogik,Verschiedene Ansätze in der Medienpädagogik
Medienpädagogik,Ziel- und Aufgabenbereiche für Erziehung und Bildung
Social Web,Autor
Social Web,Bildung
Social Web,Gesellschaft
Social Web,Kommunikation
Social Web,Partizipation
Medientheorie-Grundlagen,Basistheorien
Medientheorie-Grundlagen,Differenzierung von Theorien
Medienproduktion und -verbreitung,Bedingungen der Medienproduktion und -verbreitung
Mediennutzung-Bedürfnis,Bedürfnistheoretische Sicht
Mediennutzung-Bedürfnis,Erfahrungs- und entwicklungsbezogene Sicht
Medienentwicklungen,Beobachtungen
Medienentwicklungen,Weiterentwicklungen
Entwicklungen und Zukunftsszenarien im Kontext medialer Bildung,Bildung im Wandel
Entwicklungen und Zukunftsszenarien im Kontext medialer Bildung,Medienethik im Wandel
Bildung im Wandel,Bildung zur digitalen Souveränität
Bildung im Wandel,Mobile Learning-Prämissen für die Zukunft von Bildung
Bildung,Bildungspotenziale
Bildung,Bildungsrisiken
Bildung,Sozialisation
Bildung,Zielkategorie
Medien,Charakterisierungen
Medien,Klassifizierung
Mediennutzung-Nutzungsmuster,Darstellung Nutzungsmuster
Explizite Formen,Datenanalyse im Lehr- und Lernbereich
Explizite Formen,Intelligent Learning Environment
Explizite Formen,Mobile Learning
Explizite Formen,Personalization
Explizite Formen,Seamless Flipped Learning
Konzept Seamless flipped learning,Definition and educational objectives
Konzept Seamless flipped learning,Principles and strategies for seamless flipped learning
Einfluss- und Handlungspotenziale,Demokratie und Dezentralisierung
Einfluss- und Handlungspotenziale,Demokratie und Zivilgesellschaft
Einfluss- und Handlungspotenziale,kollektive Formationen im Netz
Visionen,Demokratisierung gesellschaftlicher Entscheidungsprozesse
Visionen,Einzelne Meinungen
Visionen,Ende der Massenmedien
Intelligent Learning Environment,Design of ILE
Intelligent Learning Environment,Usage of ILE
Kompetenz Erweiterte Gegenstandsbereiche,Deutung des Begriffs Kompetenz
Kompetenz Erweiterte Gegenstandsbereiche,Individuelle Kompetenzen
Zentrale Begriffe,Didaktik
Zentrale Begriffe,Medien
Zentrale Begriffe,Mediendidaktik-Begriffsauslegungen
Digitale Medialität,Digital vernetzte Medialität
Digitale Medialität,Digitalisierung des Wissens
Digitale Medialität,Digitalisierung und Vernetzung
Varianten mediengestützten Lernens,Digitale Lernszenarien
Varianten mediengestützten Lernens,Lernen mit digitalen Medien
Varianten mediengestützten Lernens,Trends durch Digitalisierung in der Bildung
Medialität,Digitale Medialität
Medialität,Medialität des Wissens
Selbst- Welt- und Technologieverhältnisse,Digitale Medien als Technologien
Selbst- Welt- und Technologieverhältnisse,Reflexivierung durch Konstruktionstätigkeiten
Selbst- Welt- und Technologieverhältnisse,Technologieperspektive in der Medienbildung
Bildung und digitale Medien,Digitale Transformation von Lebenswelt
Bildung und digitale Medien,Entwicklungen und Zukunftsszenarien im Kontext medialer Bildung
Bildung und digitale Medien,Medienbildung
Gesellschaft,Diskurse um das Web 2 0
Gesellschaft,Vorläufer
Medien - theoretische Grundlagen,Diskussion des Begriffs Medien
Medien - theoretische Grundlagen,Medialität
Medien - theoretische Grundlagen,Medientheorie-Grundlagen
Partizipation,Einfluss- und Handlungspotenziale
Diskurse um das Web 2 0,Entitäten
Diskurse um das Web 2 0,Visionen
Diskurse um das Web 2 0,ökonomisches Prinzip
Erweiterte Gegenstandsbereiche,Entwicklung
Erweiterte Gegenstandsbereiche,Informations- und Kommunikationstheorie
Erweiterte Gegenstandsbereiche,Kompetenz Erweiterte Gegenstandsbereiche
Erweiterte Gegenstandsbereiche,Sprachkompetenz
medientheoretische Implikation,Entwicklungen
medientheoretische Implikation,Medienwissenschaftliche Klassifikationsschema
medientheoretische Implikation,komplementäre Dynamiken zwischen Social Web und Massenmedien
Vorläufer,Erwartungen
Vorläufer,Medienentwicklungen
Medienethik im Wandel,Ethik 2 0
Medienethik im Wandel,Medienethik in der medienpädagogischen Praxis
Design of ILE,Example iTalk2Learn Platform
Lehren und Lernen im Digitalen,Explizite Formen
Ziel- und Aufgabenbereiche aus medienpädagogischer Sicht,Faktoren des Erkennens und Aufarbeitens von Medieneinflüssen
Ziel- und Aufgabenbereiche aus medienpädagogischer Sicht,Kompetenzen des Verstehens und Bewertens von Mediengestaltungen
Ziel- und Aufgabenbereiche aus medienpädagogischer Sicht,Ziele für das Durchschauen und Beurteilen von Bedingungen der Medienproduktion und Medienverbreitung
World Wide Web,Frühes Web
Informations- und Kommunikationstheorie,Informationstechnische Grundbildung
Entwicklung,Kognitive Entwicklung
Entwicklung,Sozial-kognitive Entwicklung
Entwicklung,Sozial-moralische Entwicklung
Kommunikation,Kommunikationsformen
Kommunikation,Kommunikationstools im Social Web
Kommunikation,Medienformen
Kommunikation,Mediengeschichte
Kommunikation,Mediennutzung-Nutzungsmuster
Kommunikation,medientheoretische Implikation
Grundlegungen,Kompetenz Grundlegungen
Grundlegungen,Verortung im wissenschaftlichen Kontext
Seamless Flipped Learning,Konzept Seamless flipped learning
Verortung im wissenschaftlichen Kontext,Kooperationen in der Medienpädagogik
Verortung im wissenschaftlichen Kontext,Mediendidaktische Ansätze
Verortung im wissenschaftlichen Kontext,Medienpädagogische Teildisziplin
Medienbildung,Medienbildung im medienpädagogischen Diskurs
Medienbildung,Medienkompetenz
Gegenstandsbereiche,Medieneinfluss
Gegenstandsbereiche,Mediengestaltungen
Gegenstandsbereiche,Medienkompetenz-Gegenstandsbereich
Gegenstandsbereiche,Medienproduktion und -verbreitung
Medienerziehung,Medienerzieherische Konzepte Ansätze
Medienkompetenz-Zielkategorie,Medienkompetenz-Definitionen
Zielkategorie,Medienkompetenz-Zielkategorie
Medienkompetenz-Gegenstandsbereich,Medienkompetenz Ansätze
Mediengestaltungen,Medienmerkmale
Bezugsrahmen,Medienpädagogik als Disziplin
Aufgaben Medienpädagogische Teildisziplin,Medientaxonomien Beispiele
Mobile Learning,Mobile Learning-Modelle
Erwartungen,Neue Medien Erwartungen
Erwartungen,World Wide Web
Klassifizierung,Neue Medien Klassifizierung
Digitalisierung des Wissens,Neue Medien und veränderte Wissensformen
Mobile Learning-Prämissen für die Zukunft von Bildung,Personalisierung
Bildungspotenziale,Persönlichkeitsbildung
Mediengeschichte,Phaseneinteilung der Mediengeschichte
Didaktische und pädagogische Herausforderungen,Schulische Medienbildung
Digitale Transformation von Lebenswelt,Selbst- Welt- und Technologieverhältnisse
Lernen mit digitalen Medien,Selbstgesteuertes Lernen
Reflexivierung durch Konstruktionstätigkeiten,Sinndimension
Sozialisation,Sozialisationskonzepte
Sozial-moralische Entwicklung,Stufen sozial-moralischer Entwicklung
Sprachkompetenz,Unterschiedliche Ansätze zur Sprachkompetenz
Medienbildung im medienpädagogischen Diskurs,Wandelnde Begriffsverständnisse
ökonomisches Prinzip,Wertschöpfungsketten
Verschiedene Ansätze in der Medienpädagogik,Ziel- und Aufgabenbereiche aus medienpädagogischer Sicht
Kommunikationstools im Social Web,Zweck der Nutzung von Kommunikationstools
Medienformen,nach Schrape
kollektive Formationen im Netz,vier basale Akteurtypen
